word,definition,example_sentence,difficulty
benevolent,Well meaning and kindly; wishing to do good to others,The benevolent neighbor brought warm soup to the elderly couple during the blizzard.,easy
candid,Truthful and straightforward; frank in speech or expression,She gave a candid assessment of the project's chances of success.,easy
diligent,Having or showing care and conscientious effort in one's work,The diligent student spent hours researching primary sources for her thesis.,easy
frugal,Sparing or economical with regard to money or resources,By living a frugal lifestyle he managed to save enough money to buy his first home.,easy
lucid,Expressed clearly and easy to understand,The professor gave a lucid explanation of a complex quantum mechanics concept.,easy
resilient,Able to withstand or recover quickly from difficult conditions,The community proved resilient after rebuilding the town following the storm.,easy
serene,Calm peaceful and untroubled; tranquil,The surface of the mountain lake was completely serene at sunrise.,easy
tactile,Connected with the sense of touch or perceived through touching,Children often learn best through tactile experiences like sculpting clay.,easy
wary,Feeling or showing caution about possible dangers or problems,The hiker grew wary of rustling sounds in the dense bushes ahead.,easy
zeal,Great energy or enthusiasm in pursuit of a cause or objective,She tackled the charity campaign with contagious zeal and determination.,easy
ambiguous,Open to more than one interpretation; having a double meaning,The politician gave an ambiguous reply when asked about future tax increases.,medium
articulate,Expressing thoughts and ideas clearly and effectively in speech or writing,He was exceptionally articulate when defending his research findings to the board.,medium
austere,Severe or strict in manner or appearance; without luxuries or comforts,The monks lived an austere life devoted entirely to study and contemplation.,medium
bolster,Support or strengthen; prop up something weak,The new evidence served to bolster the defense attorney's closing argument.,medium
ephemeral,Lasting for a very short time; fleeting or transient,The cherry blossoms offer an ephemeral beauty that disappears after a brief spring shower.,medium
meticulous,Showing great attention to detail; very careful and precise,The watchmaker was meticulous in placing each microscopic gear into the timepiece.,medium
pragmatic,Dealing with things sensibly and realistically based on practical considerations,Instead of debating ideal scenarios they chose a pragmatic solution that solved the immediate bottleneck.,medium
supercilious,Behaving or looking as though one thinks one is superior to others; arrogant,The critic cast a supercilious glance at the amateur painter's display.,medium
ubiquitous,Present appearing or found everywhere at the same time,Smartphones have become ubiquitous in almost every part of modern life.,medium
venerate,Regard with great respect; hold in profound esteem or reverence,In many cultures younger generations venerate their elders for their life wisdom.,medium
acquiesce,Accept something reluctantly but without protest; submit passively,Exhausted after hours of negotiation the union leaders finally acquiesced to the compromise terms.,hard
bellicose,Demonstrating aggression and willingness to fight; hostile or warlike,The ambassador condemned the nation's bellicose rhetoric as a threat to regional peace.,hard
capricious,Given to sudden and unaccountable changes of mood or behavior; erratic,The capricious mountain weather shifted from blazing sunshine to hailstorms within thirty minutes.,hard
deleterious,Causing harm or damage often in a subtle or unexpected way,Regular lack of sleep can have deleterious effects on long-term cognitive function.,hard
enervate,Cause someone to feel drained of energy or vitality; weaken,The sweltering desert heat threatened to enervate the expedition team before noon.,hard
fastidious,Very attentive to and concerned about accuracy detail and cleanliness,The head chef was fastidious about the temperature and presentation of every plate leaving the kitchen.,hard
gregarious,Fond of company; sociable and outgoing,Being inherently gregarious he quickly made lifelong friends wherever he traveled.,hard
loquacious,Tending to talk a great deal; talkative,The loquacious tour guide shared endless fascinating anecdotes throughout the bus ride.,hard
obfuscate,Deliberately make something obscure unclear or difficult to understand,The spokesperson attempted to obfuscate the financial discrepancies by using convoluted jargon.,hard
sagacious,Having or showing keen mental discernment good judgment and wisdom,The elder was revered for her sagacious counsel during times of tribal conflict.,hard
